IdUsuario;Apellido(s), Nombre;Direccion de correo;contraseña;Fecha nacimiento
CarmenAJ;Alonso Jimenez, Carmen;CarmenAJ@correo.com;3PVdQkYSf0;18/5/2000
PaulaAM;Alonso Morales, Paula;PaulaAM@correo.com;vCrOn9aK7r;6/3/2002
PaulaAnaAM;Alvarez Martin, Paula Ana;PaulaAnaAM@correo.com;7iaQnrUQiL;10/7/2002
AdrianAR;Alvarez Ramirez, Adrian;AdrianAR@correo.com;f5aAwZmj1d;24/4/2003
PabloBB;Blanco Blanco, Pablo;PabloBB@correo.com;H82oMMyXgM;24/4/02
JoseBM;Blanco Martin, Jose;JoseBM@correo.com;jhCqHxjp26;25/12/2000
AndreaLuciaBM;Blanco Morales, Andrea Lucia;AndreaLuciaBM@correo.com;THei4PjC0N;19/8/2003
ManuelBS;Blanco Serrano, Manuel;ManuelBS@correo.com;dzqlPhuycA;1/12/2002
ManuelDanielDL;Diaz Lopez, Manuel Daniel;ManuelDanielDL@correo.com;usrilkjTJ6;12/5/2003
AdrianDM;Diaz Molina, Adrian;AdrianDM@correo.com;Tl3GiViVmi;6/7/2002
BeatrizDM;Diaz Moreno, Beatriz;BeatrizDM@correo.com;qqYHrxjKKL;4/10/2001
CarlosPabloDR;Diaz Ruiz, Carlos Pablo;CarlosPabloDR@correo.com;RvbdWp4LaG;14/1/2001
PabloDA;Dominguez Alvarez, Pablo;PabloDA@correo.com;7oYg2MUYT8;29/10/2000
AdrianDT;Dominguez Torres, Adrian;AdrianDT@correo.com;nXRbmowssu;27/4/2000
PabloGG;Garcia Gomez, Pablo;PabloGG@correo.com;yONGpP7g8T;24/3/2003
DanielGM;Garcia Moreno, Daniel;DanielGM@correo.com;bBiMa3srFy;18/1/2001
DavidGA;Gil Alvarez, David;DavidGA@correo.com;A59p9TdWIJ;17/11/2002
MartaGG;Gil Gil, Marta;MartaGG@correo.com;b86DxmI6N7;17/9/2000
ManuelGJ;Gil Jimenez, Manuel;ManuelGJ@correo.com;k3seEOuhSa;8/8/2003
JuanGR;Gil Rodriguez, Juan;JuanGR@correo.com;LeNJZlNeF7;22/5/2000
MartaGM;Gomez Molina, Marta;MartaGM@correo.com;knuNuhyVxs;10/11/2002
IreneGV;Gomez Vazquez, Irene;IreneGV@correo.com;PJW9k5CFyJ;10/8/2003
RocioGL;Gutierrez Lopez, Rocio;RocioGL@correo.com;R7mtEBQdxO;4/12/2003
SilviaGN;Gutierrez Navarro, Silvia;SilviaGN@correo.com;AwTTNQ2cVa;29/10/2000
BeatrizPaulaGR;Gutierrez Romero, Beatriz Paula;BeatrizPaulaGR@correo.com;zkGIGYXX7n;28/1/2001
ManuelGS;Gutierrez Sanchez, Manuel;ManuelGS@correo.com;O72spf0qsz;14/8/2000
MiguelGS;Gutierrez Sanchez, Miguel;MiguelGS@correo.com;H3sHjNRn56;16/9/2001
CarmenAndreaGT;Gutierrez Torres, Carmen Andrea;CarmenAndreaGT@correo.com;2zgGzxZX5v;20/1/2000
IsabelGT;Gutierrez Torres, Isabel;IsabelGT@correo.com;wAbgYUpdbY;25/7/2000
DavidHJ;Hernandez Jimenez, David;DavidHJ@correo.com;x9EZviZZJf;19/12/2003
AlejandroHS;Hernandez Suarez, Alejandro;AlejandroHS@correo.com;HULGzPAzDF;5/5/2002
FernandoJM;Jimenez Moreno, Fernando;FernandoJM@correo.com;98l1J15cug;29/10/2003
MiguelJN;Jimenez Navarro, Miguel;MiguelJN@correo.com;TruUilu3Sm;29/12/2001
MariaMariaJR;Jimenez Ramos, Maria Maria;MariaMariaJR@correo.com;hcd0EGso0k;22/12/2002
AnaLB;Lopez Blanco, Ana;AnaLB@correo.com;2NMOnX2HoM;4/5/2002
AlvaroLH;Lopez Hernandez, Alvaro;AlvaroLH@correo.com;DW641nMke9;2/9/2003
BeatrizLM;Lopez Martin, Beatriz;BeatrizLM@correo.com;qEFOtvradC;5/12/2003
MiguelMA;Martin Alonso, Miguel;MiguelMA@correo.com;WUknghlWzg;13/1/2002
FernandoMB;Martin Blanco, Fernando;FernandoMB@correo.com;RrNpKiVw7k;14/8/2000
JuanMD;Martin Diaz, Juan;JuanMD@correo.com;824m4pkWiq;9/5/2001
BeatrizML;Martin Lopez, Beatriz;BeatrizML@correo.com;DhxBaYP0wH;4/7/2000
BeatrizMM;Martin Martinez, Beatriz;BeatrizMM@correo.com;8YnWnyvVXG;13/3/2002
LauraMM;Martin Muñoz, Laura;LauraMM@correo.com;mP7uCQ51jh;30/4/2002
ManuelMP;Martin Perez, Manuel;ManuelMP@correo.com;cQk6TyORiM;14/3/2000
DanielMB;Martinez Blanco, Daniel;DanielMB@correo.com;4HjrWGLteF;4/12/2000
DavidMD;Martinez Diaz, David;DavidMD@correo.com;9uBui0IH2R;1/6/2000
PabloMG;Martinez Gil, Pablo;PabloMG@correo.com;Shqxcq0fks;24/3/2003
DanielAlvaroMM;Martinez Morales, Daniel Alvaro;DanielAlvaroMM@correo.com;eFGzRuhqDJ;1/5/2000
FernandoJuanMM;Martinez Morales, Fernando Juan;FernandoJuanMM@correo.com;X98WtgVQsl;29/5/2002
FernandoMM;Martinez Moreno, Fernando;FernandoMM@correo.com;reUW8xjHdP;17/4/2001
IsabelMN;Martinez Navarro, Isabel;IsabelMN@correo.com;5pGpsfyZ1i;22/2/2003
DanielMR;Martinez Ramirez, Daniel;DanielMR@correo.com;n9UArKHZI1;8/7/2003
RocioMR;Martinez Rodriguez, Rocio;RocioMR@correo.com;h6LJQK52zc;3/4/2002
AndreaMS;Martinez Serrano, Andrea;AndreaMS@correo.com;ZDge2bn2mZ;21/11/2003
SergioAdrianMV;Martinez Vazquez, Sergio Adrian;SergioAdrianMV@correo.com;J6rwn7inLL;9/3/2001
SergioMA;Molina Alonso, Sergio;SergioMA@correo.com;9M3vKMi0WG;17/5/2000
SilviaMJ;Molina Jimenez, Silvia;SilviaMJ@correo.com;jf2Q3GJezQ;10/5/2003
BeatrizMM;Molina Martinez, Beatriz;BeatrizMM@correo.com;LLh7x8y6e9;7/8/2000
PaulaLauraMM;Molina Moreno, Paula Laura;PaulaLauraMM@correo.com;IA9nerNEsh;3/7/2001
LuciaMS;Molina Sanchez, Lucia;LuciaMS@correo.com;0ae71gspTe;16/5/2001
DanielMT;Molina Torres, Daniel;DanielMT@correo.com;NBzeEUewaH;2/10/2001
CristinaMG;Morales Garcia, Cristina;CristinaMG@correo.com;YvsnO7uvi1;14/7/2002
SergioMT;Morales Torres, Sergio;SergioMT@correo.com;Y2JyI531j6;15/12/2002
RocioMM;Moreno Martinez, Rocio;RocioMM@correo.com;cO8KuFkUWn;25/2/2000
LauraMR;Moreno Ruiz, Laura;LauraMR@correo.com;yLD4CgM4Mu;17/9/2000
IreneMD;Muñoz Diaz, Irene;IreneMD@correo.com;AiIZI4KaEB;9/2/2002
AnaMG;Muñoz Gutierrez, Ana;AnaMG@correo.com;kItN0OPjRl;21/4/2002
PaulaMR;Muñoz Ramos, Paula;PaulaMR@correo.com;IdHfmmjPSm;29/12/2000
JavierMR;Muñoz Rodriguez, Javier;JavierMR@correo.com;HJ2uiP2JQl;1/8/2000
JavierNG;Navarro Gomez, Javier;JavierNG@correo.com;vaiqG8snda;27/3/2000
MartaNG;Navarro Gutierrez, Marta;MartaNG@correo.com;6NHqNLRbis;5/4/2002
JoseNM;Navarro Moreno, Jose;JoseNM@correo.com;noR0nkMPEU;14/1/2002
ManuelPG;Perez Gil, Manuel;ManuelPG@correo.com;OLVQ0EOwAS;18/9/2000
AlejandroPS;Perez Sanchez, Alejandro;AlejandroPS@correo.com;RKusQEwV5m;17/7/2001
JuanPS;Perez Serrano, Juan;JuanPS@correo.com;JPX9dJqanf;19/2/2000
AdrianRR;Ramirez Ramirez, Adrian;AdrianRR@correo.com;5m7roEjJnF;2/2/2002
AnaCarmenRR;Ramirez Ruiz, Ana Carmen;AnaCarmenRR@correo.com;nXbNmGPTwz;4/12/2003
AndreaRA;Ramos Alvarez, Andrea;AndreaRA@correo.com;Ii5Srp8XTf;15/2/2002
AlejandroRM;Ramos Muñoz, Alejandro;AlejandroRM@correo.com;x4PPJ0JmaS;27/10/2002
ElenaRV;Ramos Vazquez, Elena;ElenaRV@correo.com;r9M6l1eSbo;14/7/2001
PabloRR;Rodriguez Ramirez, Pablo;PabloRR@correo.com;Rrqc4geCpE;27/11/2001
AdrianRR;Rodriguez Romero, Adrian;AdrianRR@correo.com;2YfeNkQwNH;2/10/2001
JavierManuelRR;Rodriguez Ruiz, Javier Manuel;JavierManuelRR@correo.com;g3kpsUZhPe;28/1/2002
CarlosRT;Rodriguez Torres, Carlos;CarlosRT@correo.com;3sal1V4QyJ;2/9/2000
AlejandroRG;Romero Garcia, Alejandro;AlejandroRG@correo.com;ZZuXFImVZy;17/7/2000
CristinaRM;Romero Moreno, Cristina;CristinaRM@correo.com;8wU9z7Weke;30/7/2001
SilviaElenaRA;Ruiz Alvarez, Silvia Elena;SilviaElenaRA@correo.com;mSptO2rD5b;15/11/2000
MiguelRR;Ruiz Rodriguez, Miguel;MiguelRR@correo.com;jKG1wseEQE;5/10/2002
PabloRR;Ruiz Romero, Pablo;PabloRR@correo.com;uG7UZWr6fD;25/7/2003
DanielSA;Sanchez Alonso, Daniel;DanielSA@correo.com;OPXaouLGQm;30/3/2003
SergioSG;Sanchez Gomez, Sergio;SergioSG@correo.com;Z9PRFTBZKF;25/1/2000
SergioSS;Sanchez Serrano, Sergio;SergioSS@correo.com;6A3BG3YHIq;16/3/2000
AdrianDanielSS;Sanchez Suarez, Adrian Daniel;AdrianDanielSS@correo.com;PfapJg2Xf6;26/8/2003
AnaCristinaSJ;Serrano Jimenez, Ana Cristina;AnaCristinaSJ@correo.com;RZSZFgmZEd;27/1/2001
MiguelDavidSR;Serrano Ramirez, Miguel David;MiguelDavidSR@correo.com;SGcWdhVGQ8;18/7/2000
RaulSM;Suarez Muñoz, Raul;RaulSM@correo.com;XnLTMju1EP;16/9/2002
PaulaTA;Torres Alonso, Paula;PaulaTA@correo.com;DNtoAyA2zP;16/2/2003
AnaTG;Torres Gil, Ana;AnaTG@correo.com;OoDOPpDw9Q;11/3/2002
CristinaTN;Torres Navarro, Cristina;CristinaTN@correo.com;J5yCStnde5;28/6/2000
RocioVB;Vazquez Blanco, Rocio;RocioVB@correo.com;INJzL2wDRi;5/9/2001