IdUsuario;Apellido(s), Nombre;Direccion de correo;contraseña;Fecha nacimiento(dia/mes/año)
DanielJ;Jimenez Muñoz, Daniel;djimenezei@gmail.com;Pass61*+;24/3/2005
MikelD;Dominguez Corchero, Mikel;mdominguet@gmail.com;Pass179:(&;19/7/2004
JesúsC;Carrasco Toscano, Jesus;jecarrasc@gmail.com;Pass121@+;10/5/2003
PabloB;Blanco Lucas, Pablo;tablancol@gmail.com;Pass186:(&;24/1/2004
AitorA;Arenas Collado, Aitor;zarenasc@gmail.com;Pass11++;18/1/2004
JaimeA;Alcobendas Santos, Jaime;mjclcoben@gmail.com;Pass112$%;14/1/2004
MarcosA;Aguado Pino, Marcos;tazuazot@gazi.com;Pass160:)&;12/1/2004
GuillermoA;Aguilar Navarro, Guillermo;ggauilar@gmail.com;Pass92--;13/1/2004
JorgeA;Alvarez Sancho, Jorge;jclvarezmem@gmail.com;Pass128@+;16/1/2004
DavidIvanA;Alvarado Flores, David Ivan;dclvarza@gmail.com;Pass70*+;15/1/2004
HectorA;Anton Esteban, Hector;hantones@gmail.com;Pass96--;17/1/2004
LuisMB;Banda Barril, Luis Mario;lbandaba@gmail.com;Pass154:)&;21/1/2004
CiroA;Arroyo Perez, Ciro;ciarroyot@gmail.com;Pass52**;19/1/2004
ManuelA;Atalaya Delgado, Manuel;zatclaya@gmail.com;Pass156:)&;20/1/2004
JorgeB;Barra Galan, Jorge;jobarrga@gmail.com;Pass129@+;22/1/2004
Lucasd;Barco Barco, Lucas del;ldelbarc@gmail.com;Pass151:)&;30/5/2003
AdrianB;Barrena Garcia, Adrian;zabarrena@gmail.com;Pass02++;23/1/2004
GuillermoC5;Caceres Ramos, Guillermo;guccaeres@gmail.com;Pass94--;31/1/2004
MarcosBU;Bueno Gutierrez, Marcos;mbuenogu@gmail.com;Pass162:)&;27/1/2004
AnaB;Bote Rodriguez, Ana;zaboterod@gmail.com;Pass36**;25/1/2004
MarcosB;Bravo Gonzalez, Marcos;mbravogo@gmail.com;Pass161:)&;26/1/2004
AlvaroC4;Caballero de la Fuente, Alvaro;caabcllen@gmail.com;Pass30+*;28/1/2004
RubenC;Caballero Molina, Ruben;locabclle@gmail.com;Pass207=+;29/1/2004
GuillermoC;Cabanillas de Caceres, Guillermo;ejbanil@gmail.com;Pass93--;30/1/2004
Joel JorgeC;Capel-Davies Sanchez, Joel Jorge;jcatelxd@gmail.com;Pass127@+;3/2/2004
LucaC;Calle Manzano, Luca;lcclleza@gmail.com;Pass150+&;1/2/2004
JavierC;Cano Maestre, Javier;jcanozae@gmail.com;Pass114$%;2/2/2004
FranciscoJC;Carozo Camello, Francisco Javier;fcarozoc@gmail.com;Pass87--;5/2/2004
VictorC;Carballo Oltra, Victor;vicarbcll@gmail.com;Pass225=+;4/2/2004
PabloC;Carrasco Caballero, Pablo;tcarrascf@gmail.com;Pass187$$;6/2/2004
JuanManuelC;Corrales Vasco, Juan Manuel;jcorrcled@gmail.com;Pass142+&;24/5/2003
MarcosC;Cerezo Lagar, Marcos;mcerezol@gmail.com;Pass163:)&;17/5/2003
CarlosC;Cartolano Zambrano, Carlos;ccaartola@gmail.com;Pass46**;13/5/2003
AlejandroC;Carretero Cheng, Alejandro;caarretelr@gmail.com;Pass17++;11/5/2003
FelipeC;Carrillo Ortega, Felipe;fcarrill@gmail.com;Pass83*+;12/5/2003
JorgeC;Castro Jimenez, Jorge;jcastroj@gmail.com;Pass130@+;15/5/2003
AlbertoC;Casco de Gracia, Alberto;caascode@gmail.com;Pass13++;14/5/2003
SergioC;Catala Alonso, Sergio;scatclza@gmail.com;Pass214=+;16/5/2003
MariaC;Collado Lopez, Maria;mcollzaomk@gmail.com;Pass168:(&;20/5/2003
ElenaC;Chacon Viniegra, Elena;echcaonv@gmail.com;Pass78*+;18/5/2003
JuanJoseC;Clavero Rodrigo, Juan Jose;juclavero@gmail.com;Pass139+&;19/5/2003
AlvaroC67;Cordero Peinado, Alvaro;clcordero@gmail.com;Pass31+*;22/5/2003
JoseMariaC;Conejero Manzano, Jose Maria;chemcba@unex.es;Pass138+&;21/5/1982
PabloCa;Coronado Perez, Pablo;tcoronzaq@gmail.com;Pass188$$;23/5/2003
AlejandroD;Diaz Borrego, Alejandro;zaiazo@gmail.com;Pass18++;12/7/2004
ClaudiaC;Cruz Gutierrez, Claudia;cclozgut@gmail.com;Pass53**;27/5/2003
AlvaroC33;Corvillo Moreno, Alvaro;clcorvill@gmail.com;Pass29+*;25/5/2003
ManuelC;Crespo Parra, Manuel;mcrestott@gmail.com;Pass157:)&;26/5/2003
CarlosD123;Delgado Balas, Carlos;cdelgzaohoe@gmail.com;Pass49**;10/7/2004
DanielD;Davila Cidoncha, Daniel;ddavilca@gmail.com;Pass58*+;28/5/2003
AdrianD;Delgado Dominguez, Adrian;zaelgzaogh@gmail.com;Pass03++;11/7/2004
RodrigoD;Diaz Mateos, Rodrigo;rdiazzat@gmail.com;Pass201$$;15/7/2004
LorenzoFD;Diaz Gallardo, Lorenzo Francisco;lodiazg@gmail.com;Pass148+&;13/7/2004
RaúlD;Diaz Gordillo, Raul;rdiazgor@gmail.com;Pass197$$;14/7/2004
AlbertoD;Diaz Rodriguez, Alberto;zaiazky@gmail.com;Pass14++;17/7/2004
JoseAD;Diaz Parralejo, Jose Antonio;jdiazlo@gmail.com;Pass134@+;16/7/2004
EmmaD;Diaz Zabala, Emma;ediazzab@gmail.com;Pass81*+;18/7/2004
MateoG;Gomez Mariño, Mateo;tzomezlef@gazi.com;Pass176:(&;15/10/2003
RubenF;Flete Duran, Ruben;rfletedu@gmail.com;Pass208=+;11/8/2002
AinaraE;Espinosa Gudiño, Ainara;zaestinos@gmail.com;Pass10++;4/8/2002
CarlosD;Duran Timon, Carlos;czaurant@gmail.com;Pass48**;22/7/2004
EmilianoD;Dominguez Fernandez, Emiliano;edominguut@gmail.com;Pass80*+;20/7/2004
GloriaCD;Dominguez Sanchez, Gloria Clara;gdomingu@gmail.com;Pass90--;21/7/2004
IvanE;Escudero Casado, Ivan;iescuder@gmail.com;Pass107$%;2/8/2002
BrandonDE;Echeverria Osorio, Brandon Daniel;brechever@gmail.com;Pass45**;1/8/2002
JoseE;Espino Gironda, Jose;jestinog@gmail.com;Pass136+&;3/8/2002
MarinaF;Falgas Meneses, Marina;mfclgasm@gmail.com;Pass170:(&;7/8/2002
IsabelE;Estacio Cantero, Isabel;iestcaio@gmail.com;Pass102$%;5/8/2002
PabloE;Estevez Muñoz, Pablo;testevezc@gmail.com;Pass189$$;6/8/2002
AdrianF;Fernandez Diaz, Adrian;afernanddl@gmail.com;Pass04++;9/8/2002
ValentinaCF;Ferent, Valentina Camelia;vferent@gmail.com;Pass224=+;8/8/2002
DanielF;Fernandez Martin, Daniel;dfernando@gmail.com;Pass59*+;10/8/2002
MarcosG;Garcia Diosdado, Marcos;tazrciawgq@gazi.com;Pass164:)&;18/8/2002
CristinaF;Fuentes Calderon, Cristina;cfuentest@gmail.com;Pass55*+;14/8/2002
AngelF;Floriano Reviriego, Angel;aflorianf@gmail.com;Pass39**;12/8/2002
ÓscarF;Franco Diaz, Oscar;ofrancod@gmail.com;Pass183:(&;13/8/2002
RodrigoGa;Galeano Sanguino, Rodrigo;rgcleano@gmail.com;Pass203$$;16/8/2002
PabloGa;Galan Carrasco, Pablo;tgclanca@gmail.com;Pass191$$;15/8/2002
RodrigoG;Gamez Solis, Rodrigo;rgbaezso@gmail.com;Pass202$$;17/8/2002
PabloG;Garcia Rodriguez, Pablo;tablogr@unex.es;Pass190$$;11/10/1985
ManuelG;Garcia Garcia, Manuel;tazrciatqy@gazi.com;Pass158:)&;9/10/2003
AlvaroG;Garcia Guisado, Alvaro;gaarcizaz@gmail.com;Pass32+*;10/10/2003
DavidG;Gil Moreno, David;dgilmore@gmail.com;Pass67*+;13/10/2003
RodrigoGar;Garcia-Plaza Perez, Rodrigo;rogarciax@gmail.com;Pass204=+;12/10/2003
RobertoG;Gil Sanchez, Roberto;rgilsanc@gmail.com;Pass199$$;14/10/2003
AlbertoH;Haut Ardila, Alberto;ahautard@gmail.com;Pass15++;9/3/2005
MarioG;Gonzalez Santiago, Mario;tzonzclecnd@gazi.com;Pass171:(&;22/10/2003
AlejandroG;Gonzalez Barbero, Alejandro;gaonzclexy@gmail.com;Pass19++;18/10/2003
AlvaroG26;Gomez Martin, Alvaro;gaomezy@gmail.com;Pass33+*;16/10/2003
AitorG;Gomez Moreno, Aitor;gaomezmo@gmail.com;Pass12++;17/10/2003
JesúsG;Gonzalez Rangel, Jesus;gjonzclezx@gmail.com;Pass122@+;20/10/2003
IsidroG;Gonzalez Merino, Isidro;igonzcleey@gmail.com;Pass104$%;19/10/2003
LucasG;Gonzalez Recio, Lucas;lgonzclec@gmail.com;Pass152:)&;21/10/2003
SergioG;Guerra Duran, Sergio;sguerrza@gmail.com;Pass215=+;5/3/2005
SandraG;Gragera Fuentes, Sandra;sgrgaerza@gmail.com;Pass212=+;3/3/2005
FranciscoG;Gragera Novillo, Francisco;fgrgaerca@gmail.com;Pass86*+;4/3/2005
SergioD;Gutierrez Alonso, Sergio David;sgutierlo@gmail.com;Pass213=+;7/3/2005
JoseG;Guerrero Carbonero, Jose;gjuerrerkt@gmail.com;Pass137+&;6/3/2005
LoubnaH;Harit Chaghir, Loubna;lharitch@gmail.com;Pass149+&;8/3/2005
AngelH;Higuero Mora, Angel;anhiguero@gmail.com;Pass40**;16/3/2005
CesarH;Hernandez Dominguez, Cesar;cehernand@gmail.com;Pass51**;12/3/2005
JesúsH;Hernandez Chacon, Jesus;jhernandd@gmail.com;Pass123@+;10/3/2005
MarioH;Hernandez Comesaña, Mario;mhernandgl@gmail.com;Pass172:(&;11/3/2005
RubenH;Hernandez Nicio, Ruben;lohernand@gmail.com;Pass209=+;14/3/2005
DavidH;Hernandez Garcia, David;xdhernandsl@gmail.com;Pass68*+;13/3/2005
DanielH;Hernandez Rastrollo, Daniel;dhernandx@gmail.com;Pass60*+;15/3/2005
SoufianJ;Jabbouri Jabbouri, Soufian;sojabbour@gmail.com;Pass221=+;20/3/2005
IsmaelI;Iglesias Sanchez, Ismael;isiglesia@gmail.com;Pass106$%;18/3/2005
SergioI;Iglesias Alvarez, Sergio;siglesiax@gmail.com;Pass216=+;17/3/2005
DavidI;Izquierdo Morollon, David;dizquier@gmail.com;Pass69*+;19/3/2005
MiguelJ;Jimenez Arroyo, Miguel;mjimenezxu@gmail.com;Pass177:(&;22/3/2005
PabloJ;Jaraiz Marquez, Pablo;tjaraizm@gmail.com;Pass192$$;21/3/2005
EliasJ;Jimenez Diaz, Elias;ejimenezet@gmail.com;Pass79*+;23/3/2005
LuisP;Perez Suarez, Luis;lterezsu@gmail.com;Pass155:)&;14/5/2002
IvanM;Mellado Sanchez, Ivan;ivmellzao@gmail.com;Pass109$%;9/4/2001
HugoL;Lopez Santos, Hugo;hlotezsa@gmail.com;Pass97--;13/1/2005
PedroL;Ledo Alvarez, Pedro;tledoclv@gmail.com;Pass195$$;6/1/2005
JuanL;Labado Pascual, Juan;ljabzaot@gmail.com;Pass141+&;2/1/2005
IvanJ;Jordan Duran, Ivan;ijordand@gmail.com;Pass108$%;25/3/2005
DanielJ2005;Juez Fernandez, Daniel;djuezfer@gmail.com;Pass62*+;1/1/2005
JesusL;Lamas Santos, Jesus;ljbaassa@gmail.com;Pass124@+;4/1/2005
RobertoL;Labrador Jorge, Roberto;rlabrzao@gmail.com;Pass200$$;3/1/2005
AlvaroL;Lancho Tapia, Alvaro;clanchot@gmail.com;Pass34+*;5/1/2005
AlejandroL;Lerida Carballo, Alejandro;cleridca@gmail.com;Pass20++;9/1/2005
JaimeL;Leno Herraez, Jaime;ljenoher@gmail.com;Pass113$%;7/1/2005
MarioL;Leon Gomez de Cadiñanos, Mario;mcleong@gmail.com;Pass173:(&;8/1/2005
AnaLoC;Lopez Cuenda, Ana;anlotezc@gmail.com;Pass37**;11/1/2005
FernandoL;Lineros Serrano, Fernando;flineros@gmail.com;Pass84*+;10/1/2005
LeticiaL;Lopez Garzo, Leticia;lelotezg@gmail.com;Pass147+&;12/1/2005
MiguelM;Martin Chavez, Miguel;mizartinc@gmail.com;Pass178:(&;20/1/2005
GabrielM;Marcos de Azcarate, Gabriel;gzarcosd@gmail.com;Pass89--;16/1/2005
AngelM00;Madruga Maraver, Angel;abzalogau@gmail.com;Pass42**;14/1/2005
JavierM;Maestre Solis, Javier;mjaestres@gmail.com;Pass115@+;15/1/2005
AngelM;Marquez Regaña, Angel;baarquezt@gmail.com;Pass41**;18/1/2005
MangelesM;Mariscal Araujo, Maria Angeles;zarisccl@unex.es;Pass167:(&;17/1/1970
NachoM;Marquez Silvera, Nacho;nzarquez@gmail.com;Pass180:(&;19/1/2005
LauraM;Martin Vettoretti, Laura;lzartinv@gmail.com;Pass145+&;5/4/2001
AgustinM;Martin Hernandez, Agustin;baartinh@gmail.com;Pass09++;21/1/2005
JesúsM;Martin Maya, Jesus;mjartinih@gmail.com;Pass125@+;4/4/2001
PabloM;Mateo Jimenez, Pablo;tzateoji@gmail.com;Pass193$$;7/4/2001
AliciaM;Mata Rodriguez, Alicia;baatarod@gmail.com;Pass27+*;6/4/2001
SheilaM;Mejias Fernandez, Sheila;smejiasf@gmail.com;Pass219=+;8/4/2001
AlejandroM33;Muñoz Miranda, Alejandro;baunozmi@gmail.com;Pass22+*;22/4/2001
SamuelM;Mora Barroso, Samuel;smorabar@gmail.com;Pass210=+;16/4/2001
RodrigoM;Molina Gomez-Landero, Rodrigo;rmolinga@gmail.com;Pass205=+;12/4/2001
MarcosM;Meneses Solano, Marcos;mmenesesa@gmail.com;Pass165:(&;10/4/2001
SergioM;Mera Lanzas, Sergio;smerclan@gmail.com;Pass217=+;11/4/2001
DiegoM;Montaño Baltasar, Diego;dmontanou@gmail.com;Pass72*+;14/4/2001
JuanJosedlM;Montaña Ribeiro, Juan Jose de la;mjontanza@gmail.com;Pass140+&;13/4/2001
AriannaM;Montecchio, Arianna;toantecc@gmail.com;Pass44**;15/4/2001
RimM;Moutaouej, Rim;rmoutaou@gmail.com;Pass198$$;19/4/2001
AlejandroM;Moreno Leza, Alejandro;toarenox@gmail.com;Pass21+*;17/4/2001
ClaudiaM;Morillo Muñoz, Claudia;clmorillo@gmail.com;Pass54*+;18/4/2001
JorgeMo;Moyano Barba, Jorge;jomoyanob@gmail.com;Pass132@+;21/4/2001
ManuelM;Moya Rolo, Manuel;mmoyarol@gmail.com;Pass159:)&;20/4/2001
JorgeM;Muriel Porras, Jorge;mjurielt@gmail.com;Pass131@+;2/5/2002
FernandoO;Ortiz Pavon, Fernando;fortizta@gmail.com;Pass85*+;6/5/2002
AdrianM;Muñoz Ruiz, Adrian;baunozlo@gmail.com;Pass05++;1/5/2002
HugoM;Muñoz Palacios, Hugo;hmunozta@gmail.com;Pass98--;23/4/2001
JAntonioM;Muñoz Rodriguez, Jose Antonio;mjunozro@gmail.com;Pass135+&;24/4/2001
DanielN;Nuñez Lagar, Daniel;dnunezla@gmail.com;Pass63*+;4/5/2002
GuillermoN;Nieto Caro, Guillermo;gunietoc@gmail.com;Pass95--;3/5/2002
DanielO;Oliva de la Calle, Daniel;dolivzae@gmail.com;Pass64*+;5/5/2002
UxueP;Payo Moralejo, Uxue;utayomor@gmail.com;Pass223=+;9/5/2002
IbrahimO;Osman, Abdelrahman Ahmed Ibrahim;aoszan@gmail.com;Pass99--;7/5/2002
Carlosd;Osa Garcia, Carlos de la;cdelaosa@gmail.com;Pass47**;29/5/2003
LauraMariaP;Paredes Rocha, Laura Maria;ltaredesf@gmail.com;Pass146+&;8/5/2002
JavierP;Perez Hernandez, Javier;jterezhe@gmail.com;Pass116@+;12/5/2002
MarioP;Pelaez Garrido, Mario;mtelaezu@gmail.com;Pass174:(&;10/5/2002
AbelP;Perez Sanchez, Abel;aterezsa@gmail.com;Pass01++;13/5/2002
MarioS;Sanchez Cabanillas, Mario;msanchezttf@gmail.com;Pass175:(&;16/6/2003
AdrianR;Reyes Sosa, Adrian;zareyess@gmail.com;Pass06++;2/6/2003
FrancoMlP;Puse Espejo, Franco Manuel;ftuseest@gmail.com;Pass88--;20/5/2002
IgnacioP;Plata Cerezo, Ignacio;itlatcae@gmail.com;Pass100--;16/5/2002
EstebanP;Peña Haba, Esteban;etenahab@gmail.com;Pass82*+;11/5/2002
SamuelP;Pires Antunez, Samuel;stiresan@gmail.com;Pass211=+;15/5/2002
DanielP;Preciado Sanchez, Daniel;dtreciza@gmail.com;Pass65*+;18/5/2002
IreneP;Plaza Alvarez, Irene;itlazmcl@gmail.com;Pass101$%;17/5/2002
LuciaP;Pulido Flores, Lucia;ltulidof@gmail.com;Pass153:)&;19/5/2002
AlonsoR;Ramirez Murillo, Alonso;clrbairez@gmail.com;Pass28+*;23/5/2002
DiogoRafaelQ;Queiroz Santana, Diogo Rafael;dqueiroz@gmail.com;Pass74*+;21/5/2002
RodrigoQ;Quintana Sanchez, Rodrigo;roquintan@gmail.com;Pass206=+;22/5/2002
AlejandroR;Ramos Patiño, Alejandro;artoasnq@gmail.com;Pass23+*;25/5/2002
CarlosR;Ramos Gonzalez, Carlos;crtoasgo@gmail.com;Pass50**;24/5/2002
AlbertoR;Rayego Rogado, Alberto;arayegor@gmail.com;Pass16++;1/6/2003
AlvaroR;Rodriguez Nevado, Alvaro;arodriguwz@gmail.com;Pass35+*;9/6/2003
AlexR;Rodriguez Gallego, Alex;arodrigurs@gmail.com;Pass26+*;5/6/2003
PedroR;Risco Herraiz, Pedro;triscohe@gmail.com;Pass196$$;3/6/2003
JavierR;Ritore Duran, Javier;jritored@gmail.com;Pass117@+;4/6/2003
IvanR;Rodriguez Lopez, Ivan;ivrodrigu@gmail.com;Pass110$%;7/6/2003
JesúsR;Rodriguez Lindo, Jesus;jrodrigubh@gmail.com;Pass126@+;6/6/2003
IsidroR;Rodriguez Martinez, Isidro;irodrigulc@gmail.com;Pass105$%;8/6/2003
DavidR;Rosado Romero, David;droszaor@gmail.com;Pass71*+;12/6/2003
JorgeR;Rodriguez Perez, Jorge;jrodrigumm@gmail.com;Pass133@+;10/6/2003
JuanR;Romero Navarro, Juan;juromeron@gmail.com;Pass143+&;11/6/2003
AntonioR;Rueda Galvan, Antonio;aloedgaa@gmail.com;Pass43**;14/6/2003
NicolasR;Rubio Cuellar, Nicolas;nlobiocu@gmail.com;Pass181:(&;13/6/2003
CristobalJR;Rueda Galvan, Cristobal Jesus;cloedgaa@gmail.com;Pass57*+;15/6/2003
IvanT;Tato Cacho, Ivan;itatocca@gmail.com;Pass111$%;4/9/2000
PedroJS;Sanchez Utrero, Pedro Jose;tesanchez@gmail.com;Pass194$$;23/6/2003
JavierS;Sanchez Mateo, Javier;jsanchezdmt@gmail.com;Pass118@+;19/6/2003
JavierSa;Sanchez Calderon, Javier;jsanchezfc@gmail.com;Pass119@+;17/6/2003
AndresS;Sanchez Mancera, Andres;asanchezie@gmail.com;Pass38**;18/6/2003
VictorS;Sanchez Rodriguez, Victor;vsanchezn@gmail.com;Pass226=+;21/6/2003
AlejandroS;Sanchez Mellado, Alejandro;asanchezb@gmail.com;Pass24+*;20/6/2003
ÓscarS;Sanchez Tobajas, Oscar;osanchezaf@gmail.com;Pass184:(&;22/6/2003
AdrianS;Solano Leon, Adrian;asolanol@gmail.com;Pass07++;26/6/2003
DiegoS;Sancho Mendez, Diego;dsanchom@gmail.com;Pass73*+;24/6/2003
AdrianS22;Serrat Leal, Adrian;zaserratl@gmail.com;Pass08++;25/6/2003
StefanS;Sunay Hasan, Stefan;ssunayha@gmail.com;Pass222=+;28/6/2003
DanielS;Soriano Izquierdo, Daniel;dsoriano@gmail.com;Pass66*+;27/6/2003
DouaaS;Syassi, Douaa;dsyassi@gmail.com;Pass76*+;3/9/2000
DomingoJV;Valiente Porras, Domingo Julian;dvclient@gmail.com;Pass75*+;11/9/2000
SofiaT;Tornero Parejo, Sofia;stornero@gmail.com;Pass220=+;7/9/2000
JulioMT;Tato Pulido, Julio Manuel;jtatotul@gmail.com;Pass144+&;5/9/2000
DylanAT;Thomas Guerrero, Dylan Andres;dthozasg@gmail.com;Pass77*+;6/9/2000
IsabellaT;Torres Martinez, Isabella;itorresay@gmail.com;Pass103$%;9/9/2000
ÓscarT;Toro Sanchez, Oscar;otorosan@gmail.com;Pass185:(&;8/9/2000
GonzaloV;Vaca Cadenas, Gonzalo;gvcacbaa@gmail.com;Pass91--;10/9/2000
MarcosV;Ventura del Arco, Marcos;mventuraj@gmail.com;Pass166:(&;15/9/2000
JavierV;Vaquero Sanchez, Javier;javaquero@gmail.com;Pass120@+;13/9/2000
NoraV;Vallejo Martinez, Nora;novcllejo@gmail.com;Pass182:(&;12/9/2000
AlejandroV;Vega Donoso, Alejandro;avegzaon@gmail.com;Pass25+*;14/9/2000
MaricieloRV;Vilcarino Ferrer, Maricielo Rosa;mvilcari@gmail.com;Pass169:(&;17/9/2000
CristinaV;Vicente Chicote, Cristina;cristinav@unex.es;Pass56*+;16/9/1980
SergioZ;Zambrano Vaquero, Sergio;szbabrani@gmail.com;Pass218=+;18/9/2000
